Date,Open,High,Low,Close,Adj Close,Volume,direction
4/11/2019,36.16,36.169998,36.029999,36.060001,33.745369,1093800,1
5/11/2019,36.119999,36.130001,35.970001,36.009998,33.698566,751800,0
6/11/2019,36.029999,36.049999,35.900002,36.02,33.707932,469900,1
7/11/2019,36.209999,36.290001,36.080002,36.150002,33.829586,774600,1
8/11/2019,36.130001,36.240002,36.009998,36.240002,33.913815,388600,1
11/11/2019,36.09,36.209999,36.049999,36.18,33.857666,258200,0
12/11/2019,36.220001,36.369999,36.18,36.240002,33.913815,2124000,1
13/11/2019,36.16,36.330002,36.099998,36.290001,33.960598,531100,1
14/11/2019,36.25,36.34,36.18,36.32,33.98867,420800,1
15/11/2019,36.490002,36.610001,36.419998,36.610001,34.260063,518400,1
18/11/2019,36.57,36.68,36.52,36.630001,34.278774,347200,1
19/11/2019,36.73,36.73,36.549999,36.650002,34.297489,275100,1
20/11/2019,36.59,36.66,36.34,36.529999,34.185184,515200,0
21/11/2019,36.549999,36.549999,36.389999,36.48,34.138401,443900,0
22/11/2019,36.549999,36.57,36.419998,36.560001,34.213264,513300,1
25/11/2019,36.689999,36.869999,36.689999,36.860001,34.494011,295700,1
26/11/2019,36.889999,36.970001,36.830002,36.939999,34.568871,2039700,1
27/11/2019,37.029999,37.110001,36.98,37.09,34.70924,282700,1
29/11/2019,37.040001,37.080002,36.939999,36.950001,34.578224,310200,0
2/12/2019,37.009998,37.029999,36.580002,36.619999,34.269421,1356800,0
3/12/2019,36.27,36.400002,36.110001,36.400002,34.063534,668300,0
4/12/2019,36.560001,36.689999,36.5,36.599998,34.25069,302600,1
5/12/2019,36.700001,36.700001,36.5,36.66,34.306839,432900,1
6/12/2019,36.919998,37.040001,36.91,36.98,34.606308,561000,1
9/12/2019,36.959999,37.009998,36.849998,36.849998,34.484653,350100,0
10/12/2019,36.889999,36.93,36.77,36.82,34.456573,732600,0
11/12/2019,36.880001,36.959999,36.830002,36.93,34.559525,925200,1
12/12/2019,36.919998,37.32,36.889999,37.200001,34.812187,451100,1
13/12/2019,37.18,37.380001,37.099998,37.220001,34.830906,310900,1
16/12/2019,37.450001,37.580002,37.450001,37.5,35.09293,409900,1
17/12/2019,37.560001,37.59,37.5,37.52,35.111641,369500,1
18/12/2019,37.549999,37.59,37.509998,37.509998,35.10228,280200,0
19/12/2019,37.57,37.700001,37.560001,37.689999,35.270733,848200,1
20/12/2019,37.650002,37.740002,37.619999,37.700001,35.456955,438800,1
23/12/2019,37.799999,37.869999,37.720001,37.740002,35.494579,438100,1
24/12/2019,37.77,37.77,37.689999,37.720001,35.475761,245500,0
26/12/2019,37.810001,37.939999,37.790001,37.939999,35.682667,369100,1
27/12/2019,38.040001,38.049999,37.869999,37.91,35.654453,2036100,0
30/12/2019,37.959999,37.970001,37.639999,37.73,35.485168,2905100,0
31/12/2019,37.650002,37.84,37.59,37.82,35.569801,719300,1
2/1/2020,38.029999,38.139999,37.889999,38.139999,35.870773,2746400,1
3/1/2020,37.779999,38.02,37.73,37.900002,35.645054,810800,0
6/1/2020,37.689999,38.029999,37.610001,38.02,35.757923,591000,1
7/1/2020,38.009998,38.02,37.869999,37.919998,35.663857,395700,0
8/1/2020,37.950001,38.290001,37.950001,38.119999,35.851963,723400,1
9/1/2020,38.34,38.400002,38.259998,38.400002,36.115311,463400,1
10/1/2020,38.490002,38.5,38.23,38.290001,36.011852,697400,0
13/1/2020,38.389999,38.580002,38.330002,38.580002,36.284592,496200,1
14/1/2020,38.549999,38.650002,38.439999,38.509998,36.218761,742000,0
15/1/2020,38.52,38.700001,38.490002,38.59,36.29401,430400,1
16/1/2020,38.75,38.93,38.740002,38.93,36.61377,584700,1
17/1/2020,39.029999,39.060001,38.91,39.029999,36.707817,971100,1
21/1/2020,38.91,39.049999,38.900002,38.959999,36.641983,1440500,0
22/1/2020,39.080002,39.16,38.93,38.959999,36.641983,1122900,0
23/1/2020,38.880001,39.040001,38.740002,39.029999,36.707817,869000,1
24/1/2020,39.130001,39.130001,38.509998,38.66,36.359837,962300,0
27/1/2020,38.009998,38.240002,37.950001,38.049999,35.786125,1169500,0
28/1/2020,38.23,38.560001,38.18,38.439999,36.152924,672500,1
29/1/2020,38.610001,38.639999,38.389999,38.41,36.12471,755600,0
30/1/2020,38.150002,38.560001,38.07,38.540001,36.246975,1316100,1
31/1/2020,38.450001,38.470001,37.73,37.860001,35.607437,2153100,0
3/2/2020,38.040001,38.360001,38.02,38.130001,35.861374,902500,1
4/2/2020,38.59,38.82,38.549999,38.700001,36.397461,1260600,1
5/2/2020,39.09,39.169998,38.900002,39.150002,36.820686,923400,1
6/2/2020,39.279999,39.310001,39.150002,39.279999,36.942947,912800,1
7/2/2020,39.150002,39.23,39.009998,39.080002,36.754848,1228300,0
10/2/2020,38.970001,39.369999,38.959999,39.369999,37.027596,941600,1
11/2/2020,39.549999,39.639999,39.380001,39.43,37.08403,1016200,1
12/2/2020,39.619999,39.709999,39.57,39.689999,37.328552,1176500,1
13/2/2020,39.490002,39.759998,39.470001,39.650002,37.290936,17852600,0
14/2/2020,39.700001,39.709999,39.549999,39.709999,37.347363,1035000,1
18/2/2020,39.59,39.66,39.43,39.610001,37.253323,1326200,0
19/2/2020,39.740002,39.880001,39.700001,39.790001,37.422611,1007000,1
20/2/2020,39.73,39.830002,39.25,39.630001,37.272121,2767400,0
21/2/2020,39.470001,39.490002,39.119999,39.23,36.89592,1862800,0
24/2/2020,38.009998,38.32,37.779999,37.91,35.654453,5996200,0
25/2/2020,38.09,38.18,36.66,36.779999,34.591682,7567900,0
26/2/2020,36.950001,37.41,36.549999,36.630001,34.450615,6233600,0
27/2/2020,35.91,36.419998,34.990002,35,32.917595,9246000,0
28/2/2020,33.93,34.82,33.580002,34.810001,32.738899,20646200,0
2/3/2020,35.049999,36.360001,34.630001,36.360001,34.196686,9728100,1
3/3/2020,36.400002,36.900002,34.990002,35.32,33.218555,10964000,0
4/3/2020,36,36.82,35.68,36.82,34.629314,5058000,1
5/3/2020,35.849998,36.27,35.290001,35.57,33.453682,4368100,0
6/3/2020,34.459999,35.119999,34.130001,34.990002,32.908192,5187500,0
9/3/2020,32.509998,33.400002,32.16,32.279999,30.359426,10590100,0
10/3/2020,33.470001,33.919998,32.169998,33.919998,31.901854,9342500,1
11/3/2020,33,33.139999,31.860001,32.27,30.350025,9939000,0
12/3/2020,29.98,31.299999,26.719999,29.129999,27.396843,9513400,0
13/3/2020,30.98,31.870001,29.34,31.860001,29.964417,9880200,1
16/3/2020,28.4,30.18,27.549999,28.139999,26.465744,7884500,0
17/3/2020,28.74,30.07,27.860001,29.91,28.130438,8819900,1
18/3/2020,27.950001,28.889999,26.82,28.34,26.653847,7350000,0
19/3/2020,28.120001,29.059999,27.299999,28.360001,26.672661,5691400,1
20/3/2020,28.67,28.879999,27.030001,27.08,25.468813,5971000,0
23/3/2020,26.82,26.9,25.620001,26.139999,24.747408,9345500,0
24/3/2020,27.51,28.67,27.469999,28.629999,27.104757,4917400,1
25/3/2020,28.77,30.1,28.15,29,27.455046,5868500,1
26/3/2020,29.33,30.860001,29.26,30.690001,29.055012,8010100,1
27/3/2020,29.719999,30.629999,29.49,29.790001,28.202961,9619800,0
30/3/2020,30.01,30.809999,29.799999,30.74,29.102346,8519600,1
31/3/2020,30.6,30.92,30.09,30.25,28.638453,4716100,0
1/4/2020,29.139999,29.530001,28.65,28.91,27.369839,6150000,0
2/4/2020,28.780001,29.65,28.719999,29.57,27.994678,6947200,1
3/4/2020,29.450001,29.73,28.799999,29.16,27.606524,2952900,0
6/4/2020,30.290001,31.34,30.15,31.129999,29.471571,4602800,1
7/4/2020,32.220001,32.32,31.110001,31.120001,29.462103,9414500,0
8/4/2020,31.48,32.34,31.200001,32.200001,30.484564,5084300,1
9/4/2020,32.59,33.029999,32.349998,32.68,30.938997,25739600,1
13/4/2020,32.549999,32.580002,31.879999,32.369999,30.645515,4121200,0
14/4/2020,33.009998,33.43,32.869999,33.330002,31.554367,4418800,1
15/4/2020,32.599998,32.830002,32.349998,32.619999,30.882187,5151600,0
16/4/2020,32.77,32.880001,32.380001,32.790001,31.043137,6743500,1
17/4/2020,33.5,33.740002,33.169998,33.66,31.866783,4606100,1
20/4/2020,33.189999,33.619999,33.049999,33.080002,31.31769,7406400,0
21/4/2020,32.5,32.650002,31.950001,32.07,30.361494,5143300,0
22/4/2020,32.700001,32.990002,32.529999,32.77,31.024199,3131300,1
23/4/2020,32.950001,33.34,32.740002,32.759998,31.014734,3502900,0
24/4/2020,32.959999,33.310001,32.709999,33.240002,31.469162,2308100,1
27/4/2020,33.5,33.84,33.419998,33.73,31.93306,2105100,1
28/4/2020,34.169998,34.220001,33.52,33.57,31.781582,3569300,0
29/4/2020,34.25,34.630001,34.110001,34.439999,32.605232,4308200,1
30/4/2020,34.27,34.32,33.889999,34.110001,32.292816,3578500,0
1/5/2020,33.490002,33.59,33.07,33.209999,31.440752,3567500,0
4/5/2020,32.98,33.330002,32.799999,33.330002,31.554367,2055000,1
5/5/2020,33.650002,33.970001,33.57,33.619999,31.828917,1985400,1
6/5/2020,33.82,33.880001,33.380001,33.380001,31.601715,2463200,0
7/5/2020,33.779999,34.029999,33.73,33.779999,31.980394,2480500,1
8/5/2020,34.189999,34.389999,34.049999,34.349998,32.520031,2331600,1
11/5/2020,34.099998,34.529999,34.049999,34.369999,32.53896,2160100,1
12/5/2020,34.509998,34.549999,33.66,33.669998,31.876257,4328000,0
13/5/2020,33.580002,33.720001,32.759998,33.080002,31.31769,4560100,0
14/5/2020,32.77,33.48,32.459999,33.48,31.696375,4289100,1
15/5/2020,33.169998,33.619999,33.040001,33.599998,31.809982,3216200,1
18/5/2020,34.389999,34.84,34.380001,34.650002,32.804047,2406800,1
19/5/2020,34.580002,34.790001,34.290001,34.299999,32.472691,3542500,0
20/5/2020,34.75,34.990002,34.720001,34.869999,33.012325,2026000,1
21/5/2020,34.869999,34.959999,34.5,34.619999,32.775646,3188100,0
22/5/2020,34.610001,34.720001,34.439999,34.700001,32.851383,2313100,1
26/5/2020,35.470001,35.490002,35.09,35.16,33.286877,3994800,1
27/5/2020,35.5,35.66,34.880001,35.66,33.760235,3847400,1
28/5/2020,35.810001,36.040001,35.509998,35.599998,33.703434,3920300,0
29/5/2020,35.529999,35.830002,35.200001,35.73,33.826511,3920200,1
1/6/2020,35.68,35.970001,35.610001,35.900002,33.987457,2170300,1
2/6/2020,36.02,36.200001,35.849998,36.200001,34.271473,2065500,1
3/6/2020,36.439999,36.790001,36.419998,36.68,34.725899,2429900,1
4/6/2020,36.560001,36.77,36.32,36.57,34.621769,2524100,0
5/6/2020,37.299999,37.740002,37.27,37.509998,35.511677,2804000,1
8/6/2020,37.639999,37.990002,37.560001,37.990002,35.966114,2016400,1
9/6/2020,37.650002,37.880001,37.529999,37.700001,35.691551,2734500,0
10/6/2020,37.759998,37.880001,37.400002,37.48,35.483284,3587200,0
11/6/2020,36.580002,36.66,35.25,35.310001,33.428886,4935500,0
12/6/2020,36.220001,36.310001,35.080002,35.759998,33.854912,7187500,1
15/6/2020,35,36.209999,34.869999,36.080002,34.157867,4998500,1
16/6/2020,37.080002,37.080002,36.16,36.77,34.8111,5930500,1
17/6/2020,36.919998,36.939999,36.529999,36.599998,34.650162,2372600,0
18/6/2020,36.439999,36.689999,36.369999,36.639999,34.68803,1621500,1
19/6/2020,37.080002,37.09,36.259998,36.43,34.489212,3070000,0
22/6/2020,36.169998,36.540001,36.040001,36.5,34.71558,3148400,1
23/6/2020,36.830002,36.950001,36.619999,36.650002,34.85825,1843100,1
24/6/2020,36.400002,36.48,35.490002,35.73,33.983231,2982000,0
25/6/2020,35.639999,36.130001,35.389999,36.099998,34.335136,2399700,1
26/6/2020,35.959999,35.98,35.18,35.240002,33.517185,3963700,0
29/6/2020,35.389999,35.759998,35.119999,35.759998,34.011757,2988400,1
30/6/2020,35.720001,36.43,35.700001,36.25,34.47781,2905600,1
1/7/2020,36.380001,36.630001,36.310001,36.490002,34.706078,4180200,1
2/7/2020,36.919998,37.080002,36.599998,36.66,34.86776,1878000,1
6/7/2020,37.18,37.27,37.07,37.240002,35.419403,2742400,1
7/7/2020,37.060001,37.299999,36.82,36.849998,35.048473,2004800,0
8/7/2020,36.950001,37.150002,36.740002,37.139999,35.324295,1767200,1
9/7/2020,37.23,37.240002,36.5,36.919998,35.115051,3238600,0
10/7/2020,36.900002,37.34,36.75,37.32,35.495495,3710800,1
13/7/2020,37.619999,37.900002,36.91,36.970001,35.162605,4002200,0
14/7/2020,36.790001,37.509998,36.66,37.48,35.647678,4758200,1
15/7/2020,37.889999,37.939999,37.5,37.799999,35.95203,3182600,1
16/7/2020,37.560001,37.740002,37.490002,37.68,35.837891,3052200,0
17/7/2020,37.82,37.889999,37.560001,37.779999,35.933002,2499900,1
20/7/2020,37.77,38.189999,37.669998,38.09,36.227848,1974300,1
21/7/2020,38.349998,38.400002,38.060001,38.189999,36.322956,2321400,1
22/7/2020,38.139999,38.43,38.130001,38.400002,36.522701,1983500,1
23/7/2020,38.360001,38.439999,37.77,37.93,36.075668,4221000,0
24/7/2020,37.709999,37.82,37.509998,37.689999,35.847401,2013100,0
27/7/2020,37.779999,37.990002,37.68,37.959999,36.104202,1964200,1
28/7/2020,37.880001,38.02,37.689999,37.73,35.885456,1944700,0
29/7/2020,37.84,38.259998,37.84,38.18,36.31345,1764000,1
30/7/2020,37.810001,38.099998,37.549999,38.07,36.208828,4836700,0
31/7/2020,38.290001,38.360001,37.75,38.360001,36.48465,2882500,1
3/8/2020,38.57,38.720001,38.509998,38.619999,36.731945,2187200,1
4/8/2020,38.52,38.779999,38.52,38.779999,36.884109,1493300,1
5/8/2020,38.950001,39.049999,38.91,39.02,37.112385,3890800,1
6/8/2020,38.939999,39.32,38.91,39.27,37.350155,1765600,1
7/8/2020,39.16,39.32,39.040001,39.299999,37.378696,2092900,1
10/8/2020,39.349998,39.439999,39.119999,39.419998,37.492832,2267000,1
11/8/2020,39.59,39.650002,39.009998,39.09,37.178955,3576800,0
12/8/2020,39.419998,39.740002,39.41,39.630001,37.69257,1795300,1
13/8/2020,39.549999,39.740002,39.459999,39.57,37.635498,2767000,0
14/8/2020,39.509998,39.639999,39.43,39.580002,37.645012,1560000,1
17/8/2020,39.709999,39.740002,39.650002,39.689999,37.749622,1905300,1
18/8/2020,39.75,39.830002,39.549999,39.790001,37.844742,2084400,1
19/8/2020,39.849998,39.900002,39.549999,39.630001,37.69257,2349000,0
20/8/2020,39.389999,39.810001,39.389999,39.75,37.806694,972500,1
21/8/2020,39.720001,39.91,39.669998,39.889999,37.93985,1332800,1
24/8/2020,40.18,40.290001,40.080002,40.279999,38.310783,1204900,1
25/8/2020,40.349998,40.439999,40.220001,40.419998,38.443939,1494000,1
26/8/2020,40.509998,40.869999,40.439999,40.84,38.843414,823100,1
27/8/2020,40.959999,41.110001,40.720001,40.919998,38.919498,1682200,1
28/8/2020,41.060001,41.220001,40.91,41.200001,39.185818,1963800,1
31/8/2020,41.150002,41.279999,41.029999,41.049999,39.04314,2030200,0
1/9/2020,41.150002,41.439999,41.040001,41.419998,39.39505,2301800,1
2/9/2020,41.66,42.139999,41.529999,42.029999,39.975231,2073700,1
3/9/2020,41.82,41.880001,40.259998,40.57,38.586605,5568300,0
4/9/2020,40.66,40.860001,39.34,40.240002,38.272743,6967200,0
8/9/2020,39.549999,39.709999,39.110001,39.150002,37.236031,4997700,0
9/9/2020,39.669998,40.23,39.549999,39.93,37.977901,4518800,1
10/9/2020,40.169998,40.240002,39.110001,39.220001,37.302605,6477300,0
11/9/2020,39.459999,39.580002,38.889999,39.259998,37.340652,6597400,1
14/9/2020,39.66,39.990002,39.59,39.77,37.825714,2097500,1
15/9/2020,40.09,40.189999,39.84,39.970001,38.015938,1259800,1
16/9/2020,40.119999,40.299999,39.779999,39.810001,37.863762,1948700,0
17/9/2020,39.200001,39.669998,39.119999,39.450001,37.521366,3093500,0
18/9/2020,39.560001,39.560001,38.700001,39.009998,37.102882,3504400,0
21/9/2020,38.279999,38.43,37.810001,38.43,36.692322,3739500,0
22/9/2020,38.59,38.880001,38.299999,38.810001,37.055141,1681700,1
23/9/2020,38.889999,38.919998,37.849998,37.919998,36.205376,2603100,0
24/9/2020,37.740002,38.400002,37.580002,38.009998,36.291302,3505800,1
25/9/2020,37.91,38.720001,37.799999,38.619999,36.873726,2789000,1
28/9/2020,39.150002,39.349998,39.029999,39.27,37.494331,3184800,1
29/9/2020,39.25,39.330002,38.970001,39.060001,37.293835,2261500,0
30/9/2020,39.150002,39.740002,39.119999,39.349998,37.570717,3560400,1
1/10/2020,39.68,39.810001,39.369999,39.59,37.799862,3494200,1
2/10/2020,38.959999,39.459999,38.919998,39.220001,37.446598,3514900,0
5/10/2020,39.48,39.939999,39.48,39.919998,38.114941,3033200,1
6/10/2020,39.950001,40.200001,39.299999,39.349998,37.570717,3443200,0
7/10/2020,39.720001,40.139999,39.720001,40.029999,38.219967,2700400,1
8/10/2020,40.299999,40.400002,40.18,40.389999,38.56369,1744300,1
9/10/2020,40.619999,40.810001,40.529999,40.77,38.926514,3607700,1
12/10/2020,41.060001,41.599998,41.029999,41.400002,39.528027,1947000,1
13/10/2020,41.380001,41.400002,41.049999,41.139999,39.279774,2100800,0
14/10/2020,41.23,41.349998,40.799999,40.900002,39.050636,2203900,0
15/10/2020,40.369999,40.889999,40.330002,40.84,38.993343,3271000,0
16/10/2020,41.009998,41.209999,40.790001,40.810001,38.964699,1701100,0
19/10/2020,40.959999,41.049999,40.09,40.18,38.36319,2384000,0
20/10/2020,40.369999,40.75,40.25,40.360001,38.535053,3859800,1
21/10/2020,40.34,40.610001,40.240002,40.259998,38.439568,2238100,0
22/10/2020,40.290001,40.57,40.040001,40.509998,38.678261,2049100,1
23/10/2020,40.650002,40.66,40.330002,40.639999,38.802387,1935600,1
26/10/2020,40.220001,40.299999,39.450001,39.889999,38.086296,2962200,0
27/10/2020,39.919998,39.970001,39.720001,39.740002,37.943085,1710000,0
28/10/2020,39.040001,39.110001,38.32,38.369999,36.635036,3939900,0
29/10/2020,38.439999,39.169998,38.200001,38.779999,37.026489,3701500,1
30/10/2020,38.560001,38.73,37.919998,38.380001,36.644577,4269200,0
2/11/2020,38.779999,39.049999,38.459999,38.82,37.064678,3363100,1
3/11/2020,39.23,39.75,39.16,39.490002,37.704391,2928300,1
4/11/2020,40.07,40.880001,39.919998,40.380001,38.554138,4642500,1
5/11/2020,41.049999,41.380001,41,41.169998,39.308418,3745600,1
6/11/2020,41.130001,41.299999,40.860001,41.150002,39.289333,2059300,0
9/11/2020,42.779999,42.810001,41.619999,41.68,39.795357,5753700,1
10/11/2020,41.549999,41.740002,41.209999,41.599998,39.718979,3273000,0
11/11/2020,41.869999,42.02,41.73,41.93,40.034054,1939500,1
12/11/2020,41.77,41.889999,41.290001,41.529999,39.652145,2337200,0
13/11/2020,41.75,42.18,41.689999,42.09,40.186821,1606300,1
16/11/2020,42.439999,42.599998,42.27,42.59,40.664215,1970300,1
17/11/2020,42.310001,42.529999,42.119999,42.389999,40.473255,2306700,0
18/11/2020,42.41,42.490002,41.869999,41.869999,39.976765,2228900,0
19/11/2020,41.810001,42.099998,41.639999,42.060001,40.15818,1686100,1
20/11/2020,42.029999,42.040001,41.759998,41.77,39.88129,1127600,0
23/11/2020,42,42.16,41.709999,42.02,40.119991,1982300,1
24/11/2020,42.32,42.759998,42.23,42.68,40.750141,4920000,1
25/11/2020,42.700001,42.700001,42.5,42.639999,40.711952,1372400,0
27/11/2020,42.77,42.799999,42.630001,42.73,40.797886,661900,1
30/11/2020,42.650002,42.68,42.220001,42.540001,40.616474,1702700,0
1/12/2020,42.98,43.220001,42.889999,43.029999,41.084312,2408200,1
2/12/2020,42.889999,43.130001,42.810001,43.099998,41.15115,1659900,1
3/12/2020,43.099998,43.279999,42.970001,43.099998,41.15115,2168200,0
4/12/2020,43.169998,43.48,43.169998,43.48,41.513969,1756600,1
7/12/2020,43.389999,43.450001,43.23,43.400002,41.437584,1626200,0
8/12/2020,43.220001,43.580002,43.209999,43.509998,41.542606,800600,1
9/12/2020,43.599998,43.619999,43.02,43.139999,41.189342,2066700,0
10/12/2020,42.959999,43.240002,42.84,43.119999,41.170246,1353400,0
11/12/2020,42.900002,43.09,42.709999,43.07,41.122509,1118800,0
14/12/2020,43.349998,43.470001,42.849998,42.869999,40.931549,5525100,0
15/12/2020,43.200001,43.450001,43.02,43.450001,41.485329,1384200,1
16/12/2020,43.490002,43.630001,43.360001,43.5,41.533066,1124800,1
17/12/2020,43.709999,43.779999,43.619999,43.77,41.790863,1238800,1
18/12/2020,43.84,43.84,43.34,43.59,41.618999,1770600,0
21/12/2020,42.919998,43.360001,42.57,43.279999,41.495316,2675000,0
22/12/2020,43.310001,43.310001,43.040001,43.18,41.399441,1858900,0
23/12/2020,43.310001,43.459999,43.189999,43.189999,41.409031,2127500,1
24/12/2020,43.25,43.389999,43.200001,43.389999,41.60078,483800,1
28/12/2020,43.720001,43.810001,43.630001,43.75,41.945934,966000,1
29/12/2020,43.950001,43.959999,43.599998,43.66,41.85965,1635800,0
30/12/2020,43.779999,43.849998,43.68,43.73,41.926758,858100,1
31/12/2020,43.73,44.029999,43.650002,43.959999,42.147282,1663300,1
4/1/2021,44.130001,44.130001,42.900002,43.360001,41.572025,3208100,0
5/1/2021,43.290001,43.779999,43.290001,43.66,41.85965,1929300,1
6/1/2021,43.459999,44.310001,43.400002,43.900002,42.089756,3306300,1
7/1/2021,44.209999,44.66,44.200001,44.549999,42.712944,1535100,1
8/1/2021,44.759998,44.849998,44.34,44.830002,42.981403,2278000,1
11/1/2021,44.419998,44.740002,44.41,44.540001,42.703362,3002500,0
12/1/2021,44.540001,44.66,44.25,44.549999,42.712944,1769600,1
13/1/2021,44.529999,44.779999,44.43,44.639999,42.799236,1363900,1
14/1/2021,44.759998,44.810001,44.450001,44.5,42.665012,1756100,0
15/1/2021,44.27,44.389999,43.939999,44.16,42.339027,1795300,0
19/1/2021,44.470001,44.59,44.299999,44.5,42.665012,1916200,1
20/1/2021,44.810001,45.240002,44.759998,45.139999,43.278618,2706900,1
21/1/2021,45.240002,45.259998,45.060001,45.18,43.316971,1729500,1
22/1/2021,44.939999,45.16,44.900002,45,43.14439,1105700,0
25/1/2021,45.110001,45.240002,44.5,45.189999,43.326565,2272300,1
26/1/2021,45.310001,45.360001,45.099998,45.110001,43.249851,1621500,0
27/1/2021,44.689999,44.700001,43.740002,44.040001,42.223976,3592300,0
28/1/2021,44.25,44.91,44.200001,44.400002,42.569138,3434900,1
29/1/2021,44.16,44.279999,43.310001,43.549999,41.754181,4629200,0
1/2/2021,43.93,44.369999,43.68,44.240002,42.415741,2136800,1
2/2/2021,44.630001,45.060001,44.630001,44.84,42.990993,2603200,1
3/2/2021,44.98,45.110001,44.75,44.880001,43.029346,2275200,1
4/2/2021,45.009998,45.419998,45.009998,45.419998,43.54707,1953000,1
5/2/2021,45.669998,45.669998,45.450001,45.599998,43.719646,1111600,1
8/2/2021,45.779999,45.939999,45.68,45.939999,44.045631,1317600,1
9/2/2021,45.830002,45.959999,45.759998,45.880001,43.988102,1860300,0
10/2/2021,46.119999,46.130001,45.57,45.860001,43.968937,1976700,0
11/2/2021,46,46.049999,45.630001,45.939999,44.045631,1372200,1
12/2/2021,45.82,46.200001,45.82,46.18,44.275734,1541900,1
16/2/2021,46.310001,46.349998,46.049999,46.130001,44.227795,1770600,0
17/2/2021,45.91,46.169998,45.790001,46.16,44.256557,1965400,1
18/2/2021,45.830002,46.029999,45.59,45.950001,44.055218,1957600,0
19/2/2021,46.119999,46.130001,45.810001,45.869999,43.978512,2042400,0
22/2/2021,45.529999,45.82,45.490002,45.529999,43.652531,3084000,0
23/2/2021,45.25,45.740002,44.709999,45.549999,43.671711,5589900,1
24/2/2021,45.41,46.119999,45.310001,46.080002,44.179863,3406700,1
25/2/2021,45.900002,46.080002,44.779999,44.98,43.125214,6156000,0
26/2/2021,45.220001,45.34,44.48,44.740002,42.895115,7005900,0
1/3/2021,45.360001,45.970001,45.349998,45.799999,43.911411,2104300,1
2/3/2021,45.860001,45.869999,45.419998,45.459999,43.585419,4114200,0
3/3/2021,45.380001,45.490002,44.84,44.84,42.990993,6202800,0
4/3/2021,44.82,45.139999,43.740002,44.290001,42.463669,8076300,0
5/3/2021,44.740002,45.240002,43.830002,45.099998,43.240273,8263300,1
8/3/2021,45.240002,45.580002,44.860001,44.900002,43.048515,5318200,0
9/3/2021,45.360001,45.860001,45.32,45.509998,43.633358,4359500,1
10/3/2021,45.84,46.029999,45.66,45.810001,43.920994,5140500,1
11/3/2021,46.119999,46.529999,46.080002,46.290001,44.381199,2378000,1
12/3/2021,46.099998,46.360001,46.009998,46.349998,44.438728,3879200,1
15/3/2021,46.380001,46.66,46.110001,46.630001,44.70718,2956400,1
16/3/2021,46.709999,46.790001,46.459999,46.580002,44.659237,3060000,0
17/3/2021,46.41,46.82,46.25,46.720001,44.793476,4077900,1
18/3/2021,46.400002,46.66,45.970001,46.02,44.12233,4134300,0
19/3/2021,46.02,46.189999,45.689999,45.970001,44.07439,4767600,0
22/3/2021,45.849998,46.32,45.849998,46.150002,44.414116,2994800,1
23/3/2021,46.07,46.25,45.689999,45.799999,44.077282,3207200,0
24/3/2021,45.959999,46.169998,45.549999,45.560001,43.84631,3572100,0
25/3/2021,45.380001,45.91,45.130001,45.810001,44.086906,5363100,1
26/3/2021,45.970001,46.59,45.889999,46.540001,44.789448,3990100,1
29/3/2021,46.380001,46.630001,46.18,46.509998,44.760574,3480800,0
30/3/2021,46.380001,46.48,46.200001,46.400002,44.654713,3065200,0
31/3/2021,46.490002,46.790001,46.48,46.610001,44.856819,3843500,1
1/4/2021,46.82,47.099998,46.810001,47.080002,45.309135,2672800,1
5/4/2021,47.43,47.830002,47.43,47.77,45.973175,3230800,1
6/4/2021,47.709999,47.869999,47.669998,47.720001,45.925068,2400300,0
7/4/2021,47.720001,47.84,47.66,47.810001,46.011684,1976500,1
8/4/2021,47.950001,48.029999,47.84,48.029999,46.2234,2199700,1
9/4/2021,48,48.389999,47.990002,48.380001,46.560238,2455100,1
12/4/2021,48.310001,48.419998,48.23,48.380001,46.560238,1804900,0
13/4/2021,48.389999,48.610001,48.330002,48.509998,46.685352,2563500,1
14/4/2021,48.540001,48.66,48.299999,48.380001,46.560238,3655700,0
15/4/2021,48.650002,48.919998,48.639999,48.900002,47.060677,2603900,1
16/4/2021,49.07,49.119999,48.880001,49.060001,47.214664,2020000,1
19/4/2021,48.939999,48.990002,48.650002,48.799999,46.964447,3275700,0
20/4/2021,48.66,48.740002,48.27,48.470001,46.646851,3091800,0
21/4/2021,48.360001,48.93,48.360001,48.93,47.089546,1492100,1
22/4/2021,48.91,48.990002,48.34,48.459999,46.63723,2834800,0
23/4/2021,48.549999,49.16,48.529999,49,47.156918,1308400,1
26/4/2021,49.060001,49.169998,49.029999,49.080002,47.233913,1481700,1
27/4/2021,49.139999,49.16,48.950001,49.080002,47.233913,2252700,0
28/4/2021,49.110001,49.25,49.029999,49.07,47.224277,1354600,0
29/4/2021,49.43,49.450001,48.959999,49.369999,47.513,2095000,1
30/4/2021,49.09,49.200001,48.950001,49.040001,47.195412,1991000,0
3/5/2021,49.310001,49.360001,49.110001,49.150002,47.301277,1648000,1
4/5/2021,48.91,48.970001,48.41,48.860001,47.022186,2934500,0
5/5/2021,49.09,49.099998,48.790001,48.880001,47.041431,1940200,1
6/5/2021,48.900002,49.279999,48.639999,49.27,47.416759,2604600,1
7/5/2021,49.380001,49.709999,49.290001,49.619999,47.753593,2468700,1
10/5/2021,49.66,49.689999,49.130001,49.139999,47.291653,1943200,0
11/5/2021,48.580002,48.82,48.209999,48.720001,46.887444,4380500,0
12/5/2021,48.349998,48.5,47.599998,47.68,45.886562,4716400,0
13/5/2021,47.869999,48.48,47.860001,48.220001,46.406261,3709100,1
14/5/2021,48.580002,49.09,48.580002,48.970001,47.128044,1751600,1
17/5/2021,48.82,48.950001,48.610001,48.849998,47.012554,1979300,0
18/5/2021,48.900002,48.919998,48.419998,48.450001,46.627605,1534500,0
19/5/2021,47.849998,48.330002,47.650002,48.32,46.502499,4209400,0
20/5/2021,48.43,48.98,48.400002,48.830002,46.993317,1924300,1
21/5/2021,49.029999,49.16,48.73,48.779999,46.94519,2287500,0
24/5/2021,49.07,49.419998,49.040001,49.27,47.416759,1203800,1
25/5/2021,49.43,49.459999,49.110001,49.18,47.330143,1990300,0
26/5/2021,49.259998,49.34,49.119999,49.279999,47.426384,1148900,1
27/5/2021,49.41,49.459999,49.279999,49.299999,47.445633,1314000,1
28/5/2021,49.5,49.529999,49.360001,49.369999,47.513,1939100,1
1/6/2021,49.689999,49.689999,49.290001,49.349998,47.493744,1899600,0
2/6/2021,49.43,49.52,49.299999,49.43,47.570744,1328300,1
3/6/2021,49.130001,49.380001,48.950001,49.259998,47.407131,1756900,0
4/6/2021,49.490002,49.720001,49.470001,49.689999,47.820969,1237700,1
7/6/2021,49.700001,49.700001,49.529999,49.630001,47.763218,1032200,0
8/6/2021,49.759998,49.759998,49.43,49.650002,47.782463,1142700,1
9/6/2021,49.740002,49.759998,49.549999,49.57,47.705479,2124200,0
10/6/2021,49.720001,49.919998,49.57,49.810001,47.936451,1114900,1
11/6/2021,49.889999,49.900002,49.720001,49.880001,48.003815,1098000,1
14/6/2021,49.91,50.009998,49.75,50.009998,48.128925,1246800,1
15/6/2021,50.040001,50.040001,49.799999,49.919998,48.042309,1242900,0
16/6/2021,49.939999,49.939999,49.369999,49.639999,47.772839,2054800,0
17/6/2021,49.59,49.73,49.310001,49.619999,47.753593,1508400,0
18/6/2021,49.220001,49.27,48.93,48.959999,47.118423,2206200,0
21/6/2021,49.009998,49.5,48.900002,49.48,47.781837,2741700,1
22/6/2021,49.490002,49.84,49.389999,49.740002,48.032925,1428700,1
23/6/2021,49.75,49.849998,49.68,49.689999,47.984638,1110500,0
24/6/2021,49.93,50.029999,49.919998,49.970001,48.255024,1028400,1
25/6/2021,50.080002,50.200001,50.029999,50.130001,48.409538,942000,1
28/6/2021,50.209999,50.27,50.07,50.259998,48.535072,1127800,1
29/6/2021,50.32,50.369999,50.220001,50.279999,48.554386,810600,1
30/6/2021,50.23,50.400002,50.23,50.330002,48.602669,1831700,1
1/7/2021,50.43,50.610001,50.41,50.610001,48.873058,1471600,1
2/7/2021,50.75,51.029999,50.709999,50.990002,49.240017,2292600,1
6/7/2021,50.98,51.009998,50.549999,50.889999,49.143448,1269100,0
7/7/2021,50.98,51.110001,50.73,51.080002,49.326927,1299600,1
8/7/2021,50.389999,50.759998,50.27,50.669998,48.931004,1845700,0
9/7/2021,50.830002,51.23,50.82,51.200001,49.44281,1298800,1
12/7/2021,51.18,51.41,51.139999,51.400002,49.635948,1327200,1
13/7/2021,51.299999,51.470001,51.18,51.23,49.471775,1747600,0
14/7/2021,51.43,51.490002,51.130001,51.290001,49.529732,1283200,1
15/7/2021,51.110001,51.200001,50.880001,51.119999,49.365551,1731900,0
16/7/2021,51.25,51.259998,50.66,50.720001,48.97929,2453500,0
19/7/2021,50.110001,50.16,49.610001,49.950001,48.235718,3032500,0
20/7/2021,50.060001,50.84,49.950001,50.68,48.940659,4570300,1
21/7/2021,50.810001,51.110001,50.810001,51.09,49.336582,3974700,1
22/7/2021,51.119999,51.23,50.990002,51.209999,49.452461,990500,1
23/7/2021,51.450001,51.759998,51.360001,51.720001,49.944965,1376800,1
26/7/2021,51.66,51.849998,51.639999,51.830002,50.051197,1438900,1
27/7/2021,51.720001,51.720001,51.259998,51.619999,49.8484,3433700,0
28/7/2021,51.700001,51.77,51.419998,51.599998,49.829082,1884700,0
29/7/2021,51.720001,51.939999,51.720001,51.799999,50.022217,1291400,1
30/7/2021,51.490002,51.73,51.470001,51.560001,49.790462,1320500,0
2/8/2021,51.779999,51.830002,51.41,51.450001,49.684238,1608400,0
3/8/2021,51.549999,51.869999,51.27,51.849998,50.070499,1347800,1
4/8/2021,51.709999,51.779999,51.59,51.619999,49.8484,2115300,0
5/8/2021,51.77,51.950001,51.73,51.919998,50.138103,1956000,1
6/8/2021,51.990002,52.07,51.950001,52.029999,50.244324,1011100,1
9/8/2021,52,52.049999,51.900002,51.990002,50.205696,1095200,0
10/8/2021,52.049999,52.139999,51.950001,52.049999,50.263641,4482700,1
11/8/2021,52.189999,52.189999,52.040001,52.16,50.369865,884200,1
12/8/2021,52.16,52.349998,52.049999,52.34,50.543686,941600,1
13/8/2021,52.400002,52.439999,52.34,52.439999,50.640255,885800,1
16/8/2021,52.25,52.57,52.07,52.57,50.765793,1197700,1
17/8/2021,52.240002,52.32,51.84,52.189999,50.39883,2158500,0
18/8/2021,52.09,52.27,51.599998,51.650002,49.877369,4645100,0
19/8/2021,51.279999,51.860001,51.27,51.720001,49.944965,2765100,1
20/8/2021,51.77,52.169998,51.700001,52.130001,50.3409,1179900,1
23/8/2021,52.32,52.700001,52.32,52.57,50.765793,896800,1
24/8/2021,52.68,52.740002,52.599998,52.669998,50.862354,1259200,1
25/8/2021,52.709999,52.849998,52.650002,52.77,50.958931,955800,1
26/8/2021,52.77,52.779999,52.459999,52.48,50.678879,1541000,0
27/8/2021,52.580002,52.990002,52.57,52.939999,51.123089,2052400,1
30/8/2021,53.009998,53.27,53,53.16,51.335548,1181600,1
31/8/2021,53.18,53.200001,53.02,53.09,51.267948,1647100,0
1/9/2021,53.23,53.279999,53.099998,53.110001,51.287262,1867100,1
2/9/2021,53.310001,53.389999,53.139999,53.290001,51.461082,1172700,1
3/9/2021,53.18,53.330002,53.099998,53.259998,51.43211,2370000,0
7/9/2021,53.220001,53.23,53,53.09,51.267948,2476000,0
8/9/2021,53,53.099998,52.779999,53.029999,51.210007,2397500,0
9/9/2021,52.990002,53.209999,52.759998,52.790001,50.978245,1673500,0
10/9/2021,53.009998,53.080002,52.360001,52.389999,50.591969,2349200,0
13/9/2021,52.73,52.779999,52.209999,52.490002,50.688545,2134800,1
14/9/2021,52.689999,52.709999,52.110001,52.23,50.437454,3154900,0
15/9/2021,52.290001,52.720001,52.139999,52.639999,50.833385,2263600,1
16/9/2021,52.599998,52.709999,52.209999,52.580002,50.775455,1291700,0
17/9/2021,52.459999,52.529999,52.02,52.080002,50.29261,1550700,0
20/9/2021,51.139999,51.34,50.439999,51.040001,49.434475,2803900,0
21/9/2021,51.349998,51.490002,50.939999,51.009998,49.405422,1775100,0
22/9/2021,51.299999,51.75,51.169998,51.5,49.880009,1946900,1
23/9/2021,51.740002,52.32,51.709999,52.130001,50.490192,1649200,1
24/9/2021,51.919998,52.290001,51.900002,52.220001,50.577362,2450700,1
27/9/2021,52.060001,52.220001,51.970001,52.07,50.432083,1324200,0
28/9/2021,51.700001,51.740002,50.93,51.02,49.415115,2223700,0
29/9/2021,51.189999,51.389999,51.02,51.080002,49.473225,3852400,1
30/9/2021,51.279999,51.369999,50.450001,50.459999,48.872726,4511900,0
1/10/2021,50.700001,51.27,50.240002,51.07,49.463535,3806600,1
4/10/2021,50.93,51.02,50.150002,50.43,48.843666,4162100,0
5/10/2021,50.619999,51.220001,50.5,50.939999,49.337624,3545200,1
6/10/2021,50.490002,51.18,50.290001,51.139999,49.531334,3907500,1
7/10/2021,51.560001,51.939999,51.529999,51.57,49.947807,1910300,1
8/10/2021,51.689999,51.73,51.419998,51.5,49.880009,1577300,0
11/10/2021,51.43,51.779999,51.119999,51.130001,49.521648,1828700,0
12/10/2021,51.25,51.290001,50.900002,51,49.395737,3808100,0
13/10/2021,51.119999,51.279999,50.759998,51.16,49.550709,2708700,1
14/10/2021,51.630001,52.060001,51.580002,52.029999,50.393333,3071900,1
15/10/2021,52.32,52.48,52.23,52.439999,50.790443,1263700,1
18/10/2021,52.220001,52.630001,52.139999,52.610001,50.955097,2994100,1
19/10/2021,52.810001,53.02,52.73,53.02,51.352196,1710600,1
20/10/2021,53.040001,53.240002,53.040001,53.189999,51.516846,1665900,1
21/10/2021,53.139999,53.380001,53.080002,53.360001,51.681503,1706600,1
22/10/2021,53.310001,53.470001,53.040001,53.310001,51.63308,1450100,0
25/10/2021,53.419998,53.619999,53.209999,53.580002,51.894585,3011700,1
26/10/2021,53.77,53.93,53.59,53.630001,51.943012,1825300,1
27/10/2021,53.700001,53.759998,53.389999,53.389999,51.710556,2183600,0
28/10/2021,53.580002,53.91,53.57,53.91,52.214199,1751800,1
29/10/2021,53.610001,54.049999,53.580002,53.990002,52.291691,2399800,1
1/11/2021,54.150002,54.18,53.889999,54.119999,52.417591,1840700,1
2/11/2021,54.119999,54.360001,54.110001,54.310001,52.601624,2237000,1
3/11/2021,54.27,54.700001,54.209999,54.669998,52.950298,2563100,1
4/11/2021,54.73,54.93,54.689999,54.900002,53.173061,2510500,1
5/11/2021,55.200001,55.349998,54.919998,55.09,53.357082,3405100,1
8/11/2021,55.25,55.299999,55.07,55.139999,53.40551,1925700,1
9/11/2021,55.18,55.220001,54.790001,54.98,53.250538,3720200,0
10/11/2021,54.75,54.970001,54.34,54.540001,52.824383,2826300,0
11/11/2021,54.709999,54.709999,54.540001,54.560001,52.843758,1631300,1
12/11/2021,54.709999,55.029999,54.580002,54.959999,53.231171,1085500,1
15/11/2021,55.119999,55.130001,54.84,54.98,53.250538,2039400,1
16/11/2021,54.950001,55.34,54.939999,55.18,53.444252,2228400,1
17/11/2021,55.16,55.18,54.990002,55.060001,53.328026,1684500,0
18/11/2021,55.200001,55.279999,54.849998,55.25,53.512047,2155100,1
19/11/2021,55.240002,55.380001,55.110001,55.16,53.424881,1601600,0
22/11/2021,55.380001,55.689999,54.970001,54.990002,53.260231,1799200,0
23/11/2021,54.959999,55.169998,54.630001,55.080002,53.347397,2776000,1
24/11/2021,54.830002,55.220001,54.720001,55.209999,53.473316,2513700,1
26/11/2021,54.389999,54.549999,53.849998,54,52.301369,2659700,0
29/11/2021,54.580002,54.869999,54.310001,54.650002,52.930927,1876700,1
30/11/2021,54.34,54.57,53.549999,53.619999,51.933319,3890700,0
1/12/2021,54.27,54.650002,52.959999,53,51.332829,3335200,0
2/12/2021,53.009998,53.98,52.970001,53.799999,52.107662,5303400,1
3/12/2021,54.009998,54.130001,52.799999,53.34,51.662128,5979900,0
6/12/2021,53.639999,54.189999,53.349998,53.950001,52.252945,4411000,1
7/12/2021,54.639999,55.139999,54.619999,55.060001,53.328026,2898300,1
8/12/2021,55.139999,55.279999,54.91,55.240002,53.502365,2688700,1
9/12/2021,55.080002,55.169998,54.830002,54.860001,53.134323,3473700,0
10/12/2021,55.200001,55.380001,54.869999,55.380001,53.637962,2933600,1
13/12/2021,55.279999,55.34,54.849998,54.889999,53.163376,2311700,0
14/12/2021,54.470001,54.77,54.130001,54.490002,52.775963,2577000,0
15/12/2021,54.509998,55.389999,54.200001,55.360001,53.618591,3538600,1
16/12/2021,55.59,55.610001,54.669998,54.869999,53.144001,3366800,0
17/12/2021,54.48,54.849998,54.07,54.299999,52.591934,5473000,0
20/12/2021,53.43,53.549999,53.049999,53.52,52.030987,4484400,0
21/12/2021,53.939999,54.470001,53.66,54.459999,52.944832,4269700,1
22/12/2021,54.419998,55.009998,54.41,55.009998,53.47953,2494000,1
23/12/2021,55.119999,55.52,55.119999,55.349998,53.81007,2626700,1
27/12/2021,55.509998,56.130001,55.509998,56.130001,54.568371,2393900,1
28/12/2021,56.18,56.299999,55.98,56.07,54.510036,3144400,0
29/12/2021,56.110001,56.27,55.970001,56.16,54.597538,1859000,1
30/12/2021,56.189999,56.330002,55.93,56,54.44199,2228300,0
31/12/2021,55.919998,56.07,55.82,55.830002,54.276714,2645900,0
3/1/2022,56,56.189999,55.720001,56.189999,54.626698,3422000,1
4/1/2022,56.349998,56.439999,55.919998,56.169998,54.607262,2883100,0
5/1/2022,56.110001,56.209999,55.060001,55.080002,53.547581,3652000,0
6/1/2022,55.029999,55.360001,54.740002,55.029999,53.498981,4308600,0
7/1/2022,55.040001,55.169998,54.639999,54.82,53.294819,3464700,0
10/1/2022,54.419998,54.77,53.700001,54.73,53.207321,6008700,0
11/1/2022,54.720001,55.240002,54.34,55.240002,53.703133,6481300,1
12/1/2022,55.439999,55.639999,55.150002,55.41,53.868401,3360300,1
13/1/2022,55.52,55.599998,54.5,54.639999,53.119827,4013000,0
14/1/2022,54.209999,54.68,54.09,54.630001,53.110104,4151500,0
18/1/2022,54.07,54.080002,53.549999,53.669998,52.176811,6872900,0
19/1/2022,53.869999,54.040001,53.09,53.139999,51.661556,4901700,0
20/1/2022,53.34,53.950001,52.48,52.549999,51.087975,5698500,0
21/1/2022,52.389999,52.689999,51.509998,51.509998,50.076904,9519400,0
24/1/2022,50.790001,51.779999,49.490002,51.709999,50.271343,18033100,1
25/1/2022,50.939999,51.709999,50.240002,51.110001,49.688038,10486300,0
26/1/2022,51.849998,52.209999,50.439999,50.970001,49.551933,9382400,0
27/1/2022,51.540001,51.919998,50.509998,50.720001,49.308891,10306700,0
28/1/2022,50.869999,51.98,50.32,51.98,50.533833,6808800,1
31/1/2022,51.889999,52.950001,51.720001,52.91,51.437954,9717700,1
1/2/2022,53.02,53.349998,52.57,53.310001,51.826832,6749300,1
2/2/2022,53.580002,53.880001,53.290001,53.779999,52.283752,4513500,1
3/2/2022,53.049999,53.27,52.43,52.549999,51.087975,5351800,0
4/2/2022,52.52,53.240002,52.209999,52.790001,51.321301,4477700,1
7/2/2022,52.880001,53.029999,52.439999,52.580002,51.117146,3321700,0
8/2/2022,52.549999,53.139999,52.369999,53.029999,51.554619,4226200,1
9/2/2022,53.540001,53.849998,53.52,53.799999,52.303196,5797900,1
10/2/2022,53.09,53.82,52.599998,52.84,51.3699,5123400,0
11/2/2022,52.84,53.110001,51.630001,51.810001,50.368561,5862500,0
14/2/2022,51.720001,51.93,51.189999,51.639999,50.203285,6618900,0
15/2/2022,52.16,52.48,52.130001,52.439999,50.981037,3363800,1
16/2/2022,52.23,52.68,51.98,52.529999,51.068523,4252800,1
17/2/2022,52.150002,52.189999,51.330002,51.419998,49.989407,4989700,0
18/2/2022,51.43,51.59,50.790001,51.060001,49.639431,5619000,0
22/2/2022,50.810001,51.209999,50.09,50.52,49.114449,6146500,0
23/2/2022,50.880001,50.950001,49.560001,49.619999,48.239487,13954000,0
24/2/2022,48.32,50.419998,48.290001,50.349998,48.949181,17030200,1
25/2/2022,50.529999,51.490002,50.330002,51.459999,50.028297,9471300,1
28/2/2022,50.84,51.529999,50.66,51.34,49.91164,12255900,0
1/3/2022,51.18,51.41,50.25,50.560001,49.153343,12446600,0
2/3/2022,50.849998,51.689999,50.759998,51.490002,50.057457,7741500,1
3/3/2022,51.82,51.869999,51.029999,51.259998,49.833862,6436100,0
4/3/2022,50.799999,50.959999,50.32,50.849998,49.435272,5526800,0
7/3/2022,50.77,50.779999,49.32,49.349998,47.976997,6213200,0
8/3/2022,49.349998,50.240002,48.82,48.98,47.617302,8524900,0
9/3/2022,49.98,50.509998,49.73,50.240002,48.842243,6298900,1
10/3/2022,49.709999,50.150002,49.450001,50.060001,48.667248,4553400,0
11/3/2022,50.360001,50.419998,49.349998,49.419998,48.045052,5614500,0
14/3/2022,49.48,49.919998,48.91,49.060001,47.695072,6662900,0
15/3/2022,49.360001,50.200001,49.209999,50.130001,48.735302,5058300,1
16/3/2022,50.560001,51.23,49.959999,51.209999,49.785248,6244600,1
17/3/2022,50.990002,51.889999,50.950001,51.889999,50.446335,4968500,1
18/3/2022,51.700001,52.48,51.59,52.419998,50.961586,3931400,1
21/3/2022,52.23,52.5,51.830002,52.25,50.958668,5058700,0
22/3/2022,52.439999,52.98,52.439999,52.860001,51.553589,3238900,1
23/3/2022,52.549999,52.740002,52.200001,52.209999,50.919647,4123600,0
24/3/2022,52.439999,52.970001,52.310001,52.950001,51.641361,3678700,1
25/3/2022,53.07,53.27,52.740002,53.25,51.933949,4832000,1
28/3/2022,53.16,53.610001,52.93,53.610001,52.285053,3015400,1
29/3/2022,54.080002,54.34,53.77,54.299999,52.958,4204100,1
30/3/2022,54.150002,54.23,53.68,53.93,52.597145,2724000,0
31/3/2022,53.860001,53.950001,53.110001,53.130001,51.816917,3738200,0
1/4/2022,53.330002,53.330002,52.830002,53.279999,51.963207,3016800,1
4/4/2022,53.310001,53.73,53.200001,53.73,52.402084,2357000,1
5/4/2022,53.529999,53.84,52.91,53.040001,51.729141,4880600,0
6/4/2022,52.560001,52.790001,52.16,52.529999,51.231739,3910400,0
7/4/2022,52.419998,53,52.169998,52.779999,51.475563,5717400,1
8/4/2022,52.669998,52.990002,52.450001,52.639999,51.339024,4071400,0
11/4/2022,52.240002,52.330002,51.669998,51.75,50.471016,2229400,0
12/4/2022,52.09,52.41,51.360001,51.549999,50.275967,3704900,0
13/4/2022,51.529999,52.220001,51.5,52.16,50.870892,3680400,1
14/4/2022,52.150002,52.299999,51.48,51.509998,50.23695,3571800,0
18/4/2022,51.389999,51.720001,51.240002,51.490002,50.217442,3628100,0
19/4/2022,51.48,52.43,51.48,52.330002,51.03669,3031200,1
20/4/2022,52.52,52.630001,52.16,52.279999,50.987919,3804600,0
21/4/2022,52.73,52.919998,51.41,51.529999,50.256458,4810400,0
22/4/2022,51.389999,51.41,50.040001,50.099998,48.861801,4639400,0
25/4/2022,49.810001,50.41,49.259998,50.400002,49.154388,5581600,1
26/4/2022,50.07,50.099998,48.939999,48.959999,47.749977,6541900,0
27/4/2022,49.07,49.73,48.82,49.080002,47.867008,8893300,1
28/4/2022,49.68,50.52,49.119999,50.330002,49.086117,8407300,1
29/4/2022,49.830002,50.080002,48.369999,48.450001,47.252579,7286900,0
2/5/2022,48.450001,48.91,47.639999,48.759998,47.554913,7379000,1
3/5/2022,48.790001,49.259998,48.619999,48.970001,47.759727,7337300,1
4/5/2022,49.07,50.52,48.66,50.459999,49.212902,10007500,1
5/5/2022,49.939999,49.939999,48.16,48.66,47.45739,10974100,0
6/5/2022,48.360001,48.779999,47.720001,48.400002,47.203815,9168900,0
9/5/2022,47.630001,47.790001,46.639999,46.849998,45.692116,7835100,0
10/5/2022,47.580002,47.75,46.43,46.950001,45.78965,10032200,1
11/5/2022,46.790001,47.509998,46.099998,46.169998,45.028927,12263900,0
12/5/2022,45.799999,46.540001,45.299999,46.16,45.019173,10549100,0
13/5/2022,46.630001,47.41,46.529999,47.220001,46.052982,9365900,1
16/5/2022,47.02,47.5,46.77,47.080002,45.916443,3769600,0
17/5/2022,47.82,48.029999,47.349998,48,46.813705,6517100,1
18/5/2022,47.43,47.48,45.939999,46.110001,44.970413,5406700,0
19/5/2022,45.709999,46.34,45.540001,45.82,44.687576,9740400,0
20/5/2022,46.25,46.310001,44.759998,45.830002,44.69733,8109000,1
23/5/2022,46.189999,46.779999,45.919998,46.700001,45.545826,5138600,1
24/5/2022,46.16,46.470001,45.52,46.34,45.194725,5017900,0
25/5/2022,46.119999,46.98,46.099998,46.759998,45.604343,6187500,1
26/5/2022,46.889999,47.869999,46.880001,47.68,46.50161,2596700,1
27/5/2022,47.990002,48.860001,47.959999,48.860001,47.652447,2828100,1
31/5/2022,48.619999,48.990002,48.23,48.580002,47.379364,8262000,0
1/6/2022,48.810001,48.959999,47.869999,48.200001,47.008755,8033400,0
2/6/2022,48.139999,49.099998,47.869999,49.099998,47.886517,3740300,1
3/6/2022,48.509998,48.689999,48.18,48.310001,47.116039,2770700,0
6/6/2022,48.810001,49.009998,48.299999,48.439999,47.242825,2484600,1
7/6/2022,48.009998,48.959999,47.950001,48.900002,47.691452,2510400,1
8/6/2022,48.669998,48.91,48.279999,48.369999,47.174553,2534100,0
9/6/2022,48.150002,48.419998,47.23,47.240002,46.072483,3129400,0
10/6/2022,46.459999,46.540001,45.849998,45.860001,44.726589,6356200,0
13/6/2022,44.669998,44.889999,43.900002,44.080002,42.990582,15161000,0
14/6/2022,44.32,44.439999,43.580002,43.959999,42.87355,7616900,0
15/6/2022,44.389999,45.139999,43.759998,44.57,43.468468,7524100,1
16/6/2022,43.580002,43.610001,42.82,43.16,42.093315,9913000,0
17/6/2022,43.16,43.610001,42.779999,43.209999,42.142086,7268600,1
21/6/2022,43.700001,44.27,43.700001,44.099998,43.20406,4581500,1
22/6/2022,43.57,44.52,43.52,44.02,43.125687,5261200,0
23/6/2022,44.290001,44.540001,43.84,44.459999,43.55674,6394800,1
24/6/2022,44.849998,45.849998,44.84,45.84,44.908714,4205000,1
27/6/2022,45.970001,46.009998,45.540001,45.700001,44.771557,3264700,0
28/6/2022,45.880001,46.200001,44.740002,44.77,43.860451,5681400,0
29/6/2022,44.82,44.939999,44.490002,44.73,43.821259,4269100,0
30/6/2022,44.23,44.740002,43.799999,44.34,43.439186,7669700,0
1/7/2022,44.27,44.869999,43.950001,44.799999,43.889839,6358200,1
5/7/2022,44.189999,44.900002,43.849998,44.889999,43.978008,5421800,1
6/7/2022,44.91,45.360001,44.630001,45.07,44.154354,5248700,1
7/7/2022,45.290001,45.830002,45.279999,45.740002,44.810741,2187600,1
8/7/2022,45.529999,45.93,45.349998,45.709999,44.781349,2766800,0
11/7/2022,45.369999,45.48,45.09,45.169998,44.252316,2964600,0
12/7/2022,45.099998,45.400002,44.560001,44.759998,43.850655,4614800,0
13/7/2022,44.110001,44.900002,44.040001,44.549999,43.644917,6808500,0
14/7/2022,43.939999,44.5,43.630001,44.439999,43.537151,6136400,0
15/7/2022,44.959999,45.279999,44.740002,45.259998,44.340492,2412500,1
18/7/2022,45.669998,45.740002,44.759998,44.889999,43.978008,2255800,0
19/7/2022,45.400002,46.18,45.310001,46.119999,45.183022,2720500,1
20/7/2022,46.119999,46.59,45.98,46.43,45.486725,10748200,1
21/7/2022,46.34,46.889999,46.049999,46.889999,45.937382,4180000,1
22/7/2022,46.91,47.049999,46.18,46.470001,45.525913,3426900,0
25/7/2022,46.540001,46.610001,46.23,46.52,45.574898,2279700,1
26/7/2022,46.290001,46.32,45.849998,45.970001,45.036072,3269800,0
27/7/2022,46.360001,47.360001,46.330002,47.150002,46.192097,3149000,1
28/7/2022,47.23,47.830002,46.810001,47.75,46.779903,2225900,1
29/7/2022,47.93,48.560001,47.830002,48.43,47.446095,3087000,1
1/8/2022,48.099998,48.610001,48.02,48.310001,47.328533,2775400,0
2/8/2022,48.09,48.549999,47.84,47.98,47.005238,2757900,0
3/8/2022,48.259998,48.869999,48.209999,48.740002,47.749794,2368900,1
4/8/2022,48.720001,48.799999,48.5,48.689999,47.700809,2533600,0
5/8/2022,48.18,48.689999,48.16,48.619999,47.632233,1495200,0
8/8/2022,48.810001,49.099998,48.43,48.580002,47.593044,2638100,0
9/8/2022,48.470001,48.529999,48.240002,48.380001,47.397114,3350400,0
10/8/2022,49.25,49.389999,49.009998,49.380001,48.376797,3762100,1
11/8/2022,49.720001,49.959999,49.299999,49.389999,48.386593,1947800,1
12/8/2022,49.630001,50.23,49.509998,50.200001,49.180134,1490600,1
15/8/2022,49.93,50.490002,49.93,50.419998,49.395664,1751300,1
16/8/2022,50.310001,50.759998,50.200001,50.540001,49.513226,1729200,1
17/8/2022,50.099998,50.5,49.93,50.18,49.160542,2061500,0
18/8/2022,50.200001,50.400002,50.029999,50.310001,49.287899,1503900,1
19/8/2022,49.990002,50.009998,49.52,49.650002,48.641308,2451200,0
22/8/2022,49.049999,49.049999,48.490002,48.630001,47.642029,2083100,0
23/8/2022,48.560001,48.84,48.419998,48.490002,47.504871,1486800,0
24/8/2022,48.459999,48.810001,48.369999,48.639999,47.651821,1916000,1
25/8/2022,48.810001,49.330002,48.700001,49.310001,48.308216,1566500,1
26/8/2022,49.299999,49.380001,47.650002,47.669998,46.701534,2890400,0
29/8/2022,47.310001,47.709999,47.18,47.349998,46.388035,1359900,0
30/8/2022,47.5,47.509998,46.560001,46.82,45.868801,10522600,0
31/8/2022,47.009998,47.16,46.450001,46.470001,45.525913,2584900,0
1/9/2022,46.200001,46.639999,45.869999,46.610001,45.663067,2929400,1
2/9/2022,47.07,47.220001,45.900002,46.130001,45.192818,2221800,0
6/9/2022,46.220001,46.330002,45.669998,45.939999,45.006683,2880800,0
7/9/2022,45.91,46.860001,45.880001,46.779999,45.829613,3682300,1
8/9/2022,46.470001,47.119999,46.34,47.060001,46.103928,3013900,1
9/9/2022,47.369999,47.91,47.330002,47.810001,46.838692,1673000,1
12/9/2022,48.080002,48.41,48.029999,48.310001,47.328533,2169900,1
13/9/2022,47.25,47.380001,46.080002,46.240002,45.300587,3074700,0
14/9/2022,46.380001,46.580002,45.990002,46.400002,45.457336,3150600,1
15/9/2022,46.209999,46.549999,45.720001,45.869999,44.938099,2597800,0
16/9/2022,45.360001,45.59,45.119999,45.529999,44.605007,3679800,0
19/9/2022,44.959999,45.669998,44.939999,45.669998,44.932632,2504200,1
20/9/2022,45.27,45.389999,44.82,45.139999,44.41119,3007300,0
21/9/2022,45.380001,45.759998,44.369999,44.380001,43.663464,4193000,0
22/9/2022,44.279999,44.389999,43.91,44,43.2896,4079700,0
23/9/2022,43.57,43.57,42.709999,43.23,42.532028,5733600,0
26/9/2022,43.060001,43.509998,42.669998,42.830002,42.138485,4914200,0
27/9/2022,43.279999,43.540001,42.43,42.709999,42.02042,6505300,0
28/9/2022,42.849998,43.759998,42.619999,43.549999,42.846863,6684300,1
29/9/2022,43.119999,43.150002,42.290001,42.66,41.97123,5423700,0
30/9/2022,42.549999,43.009998,41.970001,41.990002,41.312054,6767200,0
3/10/2022,42.450001,43.32,42.23,43.080002,42.384449,4036500,1
4/10/2022,43.790001,44.439999,43.77,44.439999,43.722492,5586100,1
5/10/2022,43.889999,44.599998,43.610001,44.32,43.604427,3956300,0
6/10/2022,44.16,44.509998,43.82,43.889999,43.18137,5052900,0
7/10/2022,43.369999,43.41,42.43,42.66,41.97123,3524700,0
10/10/2022,42.779999,42.810001,42.049999,42.330002,41.646561,3120300,0
11/10/2022,42.119999,42.669998,41.82,42.060001,41.380917,8575600,0
12/10/2022,42.110001,42.290001,41.889999,41.93,41.253017,4139700,0
13/10/2022,41.049999,43.200001,40.919998,43.029999,42.335255,9170100,1
14/10/2022,43.34,43.52,41.970001,42.049999,41.371078,6746000,0
17/10/2022,42.799999,43.25,42.790001,43.139999,42.443478,4990600,1
18/10/2022,44.09,44.130001,43.209999,43.650002,42.945248,4216800,1
19/10/2022,43.369999,43.709999,42.970001,43.34,42.640251,3185100,0
20/10/2022,43.279999,43.799999,42.869999,42.970001,42.276226,3964000,0
21/10/2022,42.91,44.060001,42.75,44.009998,43.299435,4362000,1
24/10/2022,44.189999,44.669998,43.869999,44.52,43.801205,3722400,1
25/10/2022,44.540001,45.290001,44.529999,45.259998,44.529251,5189700,1
26/10/2022,44.849998,45.560001,44.84,44.900002,44.17506,3242300,0
27/10/2022,45.029999,45.25,44.599998,44.68,43.958618,4890500,0
28/10/2022,44.639999,45.790001,44.639999,45.73,44.991665,12275800,1
31/10/2022,45.450001,45.650002,45.299999,45.419998,44.686665,3363900,0
1/11/2022,45.849998,45.889999,45.07,45.220001,44.489902,3463800,0
2/11/2022,45.130001,45.68,44.07,44.080002,43.368305,5009400,0
3/11/2022,43.669998,43.98,43.360001,43.630001,42.925571,3176600,0
4/11/2022,44.299999,44.529999,43.5,44.25,43.535557,4173600,1
7/11/2022,44.400002,44.740002,44.150002,44.650002,43.9291,2917900,1
8/11/2022,44.810001,45.27,44.41,44.919998,44.194744,5464500,1
9/11/2022,44.639999,44.799999,43.919998,43.970001,43.260082,4132000,0
10/11/2022,45.599998,46.439999,45.34,46.389999,45.641006,4861000,1
11/11/2022,46.5,46.959999,46.279999,46.84,46.08374,3312600,1
14/11/2022,46.639999,47.049999,46.43,46.470001,45.719719,3106200,0
15/11/2022,47.169998,47.299999,46.389999,46.869999,46.113258,5291900,1
16/11/2022,46.650002,46.759998,46.419998,46.490002,45.739391,6677500,0
17/11/2022,45.91,46.439999,45.869999,46.369999,45.62133,3419200,0
18/11/2022,46.75,46.759998,46.209999,46.580002,45.827946,2262600,1
21/11/2022,46.41,46.529999,46.169998,46.389999,45.641006,2272600,0
22/11/2022,46.619999,47.040001,46.459999,47.029999,46.270672,4163400,1
23/11/2022,46.970001,47.380001,46.959999,47.310001,46.546154,2448900,1
25/11/2022,47.240002,47.380001,47.220001,47.310001,46.546154,999700,0
28/11/2022,46.93,47.130001,46.459999,46.57,45.818104,2438000,0
29/11/2022,46.57,46.709999,46.240002,46.48,45.729553,2127600,0
30/11/2022,46.509998,47.919998,46.27,47.900002,47.126629,4382700,1
1/12/2022,48.080002,48.220001,47.599998,47.889999,47.116787,4925900,0
2/12/2022,47.279999,47.950001,47.279999,47.849998,47.077435,3225800,0
5/12/2022,47.509998,47.610001,46.830002,47,46.241158,2663600,0
6/12/2022,46.950001,47.02,46.049999,46.299999,45.552456,2523100,0
7/12/2022,46.18,46.52,46.099998,46.240002,45.493431,3517200,0
8/12/2022,46.450001,46.709999,46.259998,46.59,45.837784,2297400,1
9/12/2022,46.450001,46.75,46.23,46.259998,45.513103,3295300,0
12/12/2022,46.349998,46.91,46.259998,46.91,46.152611,3928000,1
13/12/2022,48.23,48.25,46.93,47.27,46.506802,5759100,1
14/12/2022,47.220001,47.700001,46.599998,46.98,46.221481,4619500,0
15/12/2022,46.360001,46.470001,45.610001,45.810001,45.070374,3309300,0
16/12/2022,45.490002,45.650002,45.009998,45.290001,44.558769,4407200,0
19/12/2022,45.060001,45.119999,44.48,44.689999,44.170334,5871200,0
20/12/2022,44.59,44.939999,44.43,44.75,44.229641,2782100,1
21/12/2022,45.07,45.540001,45,45.389999,44.862198,2666400,1
22/12/2022,45.049999,45.080002,44.07,44.75,44.229641,3333100,0
23/12/2022,44.650002,45.029999,44.439999,45.029999,44.506382,3709400,1
27/12/2022,44.990002,45.040001,44.639999,44.84,44.318592,3679600,0
28/12/2022,44.84,45.07,44.27,44.299999,43.784874,4024700,0
29/12/2022,44.630001,45.18,44.580002,45.080002,44.555805,2789600,1
30/12/2022,44.75,44.98,44.5,44.98,44.456966,4135400,0
3/1/2023,45.189999,45.43,44.43,44.779999,44.259289,3688300,0
4/1/2023,45.040001,45.369999,44.68,45.130001,44.605225,4335600,1
5/1/2023,44.880001,44.889999,44.540001,44.610001,44.09127,4449300,0
6/1/2023,44.98,45.759998,44.610001,45.619999,45.08952,2160500,1
9/1/2023,45.880001,46.290001,45.580002,45.599998,45.069752,4251700,0
10/1/2023,45.52,45.93,45.419998,45.93,45.395916,2303400,1
11/1/2023,46.099998,46.509998,46.02,46.509998,45.969173,8119200,1
12/1/2023,46.639999,46.849998,46.130001,46.68,46.137199,3996900,1
13/1/2023,46.290001,46.919998,46.259998,46.869999,46.324989,3308800,1
17/1/2023,46.84,47.040001,46.689999,46.759998,46.216267,4826600,0
18/1/2023,46.919998,47.049999,46.009998,46.049999,45.514523,2881800,0
19/1/2023,45.77,45.98,45.540001,45.689999,45.158703,2679100,0
20/1/2023,45.880001,46.57,45.669998,46.560001,46.018597,2104400,1
23/1/2023,46.639999,47.349998,46.540001,47.099998,46.552311,6499900,1
24/1/2023,46.889999,47.16,46.759998,47.07,46.522667,2569900,0
25/1/2023,46.549999,47.110001,46.279999,47.080002,46.532547,3059700,1
26/1/2023,47.389999,47.610001,47.040001,47.599998,47.046497,3078900,1
27/1/2023,47.459999,47.990002,47.450001,47.720001,47.165108,2440600,1
30/1/2023,47.369999,47.630001,47.07,47.110001,46.562199,3541900,0
31/1/2023,47.16,47.799999,47.130001,47.799999,47.244175,1816400,1
1/2/2023,47.630001,48.639999,47.310001,48.310001,47.748245,5041700,1
2/2/2023,48.77,49.18,48.549999,48.990002,48.420338,3861100,1
3/2/2023,48.380001,49.029999,48.34,48.5,47.936039,3762100,0
6/2/2023,48.169998,48.369999,48,48.209999,47.649406,1697900,0
7/2/2023,48.09,48.98,47.93,48.84,48.272079,3085800,1
8/2/2023,48.57,48.740002,48.209999,48.299999,47.738361,2426600,0
9/2/2023,48.740002,48.75,47.73,47.880001,47.323246,2121600,0
10/2/2023,47.709999,48.02,47.630001,47.970001,47.412201,2516900,1
13/2/2023,48.07,48.549999,48.009998,48.529999,47.965683,2212900,1
14/2/2023,48.360001,48.799999,48.040001,48.540001,47.975571,2769600,1
15/2/2023,48.259998,48.689999,48.16,48.689999,48.123829,1935100,1
16/2/2023,48.080002,48.549999,48,48,47.441849,6181300,0
17/2/2023,47.75,47.91,47.509998,47.880001,47.323246,1643800,0
21/2/2023,47.389999,47.509998,46.889999,46.919998,46.374405,7466400,0
22/2/2023,46.98,47.16,46.689999,46.849998,46.305218,2514100,0
23/2/2023,47.220001,47.290001,46.599998,47.110001,46.562199,2708800,1
24/2/2023,46.509998,46.709999,46.290001,46.619999,46.077892,9703400,0
27/2/2023,47.009998,47.18,46.66,46.77,46.226151,1631800,1
28/2/2023,46.720001,46.939999,46.59,46.599998,46.058125,2116300,0
1/3/2023,46.509998,46.639999,46.259998,46.419998,45.880222,2441000,0
2/3/2023,46.189999,46.869999,46.139999,46.77,46.226151,1991200,1
3/3/2023,46.990002,47.560001,46.93,47.529999,46.977314,2112600,1
6/3/2023,47.630001,47.91,47.509998,47.540001,46.987198,2269700,1
7/3/2023,47.540001,47.580002,46.75,46.830002,46.285458,3780400,0
8/3/2023,46.830002,47,46.639999,46.91,46.364521,3068700,1
9/3/2023,46.990002,47.200001,45.93,46.029999,45.494755,2957000,0
10/3/2023,45.970001,46.23,45.189999,45.389999,44.862198,4708800,0
13/3/2023,44.889999,45.900002,44.75,45.299999,44.773243,6428500,0
14/3/2023,45.91,46.259998,45.509998,46.060001,45.524406,4334500,1
15/3/2023,45.380001,45.790001,45.119999,45.779999,45.247665,9771800,0
16/3/2023,45.490002,46.610001,45.419998,46.57,46.028477,7509200,1
17/3/2023,46.43,46.549999,45.860001,46.040001,45.504642,4319600,0
20/3/2023,45.950001,46.34,45.869999,46.290001,45.934315,4612300,1
21/3/2023,46.709999,46.950001,46.509998,46.880001,46.519783,2325400,1
22/3/2023,46.889999,47.310001,46.099998,46.119999,45.765617,2990700,0
23/3/2023,46.459999,46.939999,45.900002,46.240002,45.884697,5527700,1
24/3/2023,46.060001,46.529999,45.790001,46.52,46.162544,3234000,1
27/3/2023,46.810001,46.900002,46.509998,46.619999,46.261776,3218200,1
28/3/2023,46.540001,46.610001,46.290001,46.529999,46.17247,2477500,0
29/3/2023,47.009998,47.220001,46.880001,47.189999,46.827396,4857600,1
30/3/2023,47.52,47.529999,47.240002,47.470001,47.105244,2313300,1
31/3/2023,47.580002,48.169998,47.57,48.150002,47.780022,3094000,1
3/4/2023,48.080002,48.360001,48.02,48.330002,47.958637,3298600,1
4/4/2023,48.389999,48.43,47.889999,48.060001,47.690712,2414800,0
5/4/2023,47.959999,48.040001,47.720001,47.91,47.541862,3019400,0
6/4/2023,47.830002,48.130001,47.700001,48.119999,47.750252,1996000,1
10/4/2023,47.810001,48.169998,47.73,48.169998,47.799862,2415000,1
11/4/2023,48.220001,48.349998,48.080002,48.16,47.789944,2467600,0
12/4/2023,48.419998,48.450001,47.91,47.990002,47.62125,4762300,0
13/4/2023,48.099998,48.66,48.060001,48.599998,48.226559,19475700,1
14/4/2023,48.529999,48.799999,48.220001,48.509998,48.137253,3197700,0
17/4/2023,48.470001,48.669998,48.34,48.669998,48.296024,4148900,1
18/4/2023,48.849998,48.880001,48.540001,48.700001,48.325794,2827300,1
19/4/2023,48.470001,48.799999,48.470001,48.709999,48.335716,1865900,1
20/4/2023,48.34,48.630001,48.23,48.43,48.057869,2702900,0
21/4/2023,48.459999,48.52,48.23,48.470001,48.097565,2154800,1
24/4/2023,48.43,48.560001,48.279999,48.52,48.147175,1820500,1
25/4/2023,48.290001,48.34,47.740002,47.75,47.383095,2751600,0
26/4/2023,47.830002,47.950001,47.48,47.560001,47.194553,3562900,0
27/4/2023,47.860001,48.52,47.830002,48.470001,48.097565,2263500,1
28/4/2023,48.389999,48.900002,48.380001,48.900002,48.524261,2733800,1
1/5/2023,48.860001,49.09,48.82,48.869999,48.494484,4359200,0
2/5/2023,48.75,48.77,47.950001,48.310001,47.938793,3803500,0
3/5/2023,48.349998,48.66,47.950001,47.959999,47.59148,4056200,0
4/5/2023,47.830002,47.880001,47.48,47.639999,47.273937,4064100,0
5/5/2023,48.07,48.639999,48.049999,48.509998,48.137253,2618300,1
8/5/2023,48.540001,48.59,48.349998,48.540001,48.167027,2297200,1
9/5/2023,48.34,48.450001,48.290001,48.330002,47.958637,2748500,0
10/5/2023,48.650002,48.740002,48.07,48.540001,48.167027,3606700,1
11/5/2023,48.439999,48.490002,48.200001,48.459999,48.087639,2378700,0
12/5/2023,48.599998,48.619999,48.09,48.380001,48.008255,4788300,0
15/5/2023,48.48,48.599998,48.25,48.57,48.196793,1786000,1
16/5/2023,48.43,48.540001,48.240002,48.240002,47.869331,1926600,0
17/5/2023,48.48,48.900002,48.290001,48.830002,48.454796,3038700,1
18/5/2023,48.799999,49.34,48.77,49.279999,48.901337,3806300,1
19/5/2023,49.389999,49.470001,49.07,49.240002,48.861649,2692300,0
22/5/2023,49.209999,49.43,49.080002,49.25,48.871571,4361900,1
23/5/2023,49.049999,49.16,48.639999,48.700001,48.325794,3672300,0
24/5/2023,48.48,48.529999,48.189999,48.349998,47.978481,5546500,0
25/5/2023,48.759998,48.93,48.5,48.759998,48.38533,3108800,1
26/5/2023,48.830002,49.48,48.830002,49.41,49.030338,2254500,1
30/5/2023,49.630001,49.689999,49.240002,49.389999,49.01049,3133100,0
31/5/2023,49.169998,49.290001,48.939999,49.139999,48.762409,2465600,0
1/6/2023,49.169998,49.73,49.009998,49.580002,49.199032,2753300,1
2/6/2023,49.91,50.419998,49.849998,50.330002,49.943272,2685300,1
5/6/2023,50.360001,50.52,50.139999,50.23,49.844036,3001800,0
6/6/2023,50.18,50.400002,50.099998,50.32,49.933346,2400000,1
7/6/2023,50.380001,50.52,50.110001,50.169998,49.784496,3592600,0
8/6/2023,50.169998,50.52,50.080002,50.439999,50.052422,2295200,1
9/6/2023,50.57,50.790001,50.43,50.540001,50.151653,3151900,1
12/6/2023,50.669998,51.02,50.59,51,50.608124,3877500,1
13/6/2023,51.189999,51.43,51.119999,51.34,50.945511,2489400,1
14/6/2023,51.380001,51.630001,50.990002,51.400002,51.005047,5230800,1
15/6/2023,51.299999,52.200001,51.299999,52.029999,51.630207,2805200,1
16/6/2023,52.290001,52.310001,51.82,51.880001,51.481361,3153400,0
20/6/2023,51.43,51.540001,51.150002,51.41,51.21537,3440000,0
21/6/2023,51.279999,51.369999,51.07,51.139999,50.946392,2079700,0
22/6/2023,51.009998,51.330002,50.98,51.330002,51.135674,1963800,1
23/6/2023,50.889999,51.139999,50.849998,50.950001,50.757111,2685100,0
26/6/2023,50.869999,51.099998,50.700001,50.740002,50.547909,2072200,0
27/6/2023,50.84,51.360001,50.779999,51.27,51.075901,3025100,1
28/6/2023,51.139999,51.43,51.080002,51.310001,51.115749,2628300,1
29/6/2023,51.27,51.529999,51.220001,51.5,51.305027,4965500,1
30/6/2023,51.889999,52.23,51.869999,52.110001,51.91272,2206000,1
3/7/2023,52.09,52.220001,52.040001,52.209999,52.012341,1803100,1
5/7/2023,51.959999,52.189999,51.959999,52.119999,51.92268,4211800,0
6/7/2023,51.66,51.740002,51.389999,51.700001,51.504272,4599500,0
7/7/2023,51.57,52.040001,51.540001,51.560001,51.364803,2812100,0
10/7/2023,51.509998,51.709999,51.450001,51.700001,51.504272,2147600,1
11/7/2023,51.799999,52.080002,51.66,52.040001,51.842987,3769300,1
12/7/2023,52.48,52.610001,52.310001,52.439999,52.24147,3801200,1
13/7/2023,52.669998,52.950001,52.610001,52.869999,52.669842,2546300,1
14/7/2023,52.970001,53.07,52.73,52.810001,52.610069,2283900,0
17/7/2023,52.799999,53.139999,52.799999,53.02,52.819275,2188000,1
18/7/2023,52.98,53.48,52.919998,53.389999,53.187874,3011300,1
19/7/2023,53.5,53.669998,53.43,53.509998,53.307419,2784300,1
20/7/2023,53.389999,53.509998,53.080002,53.18,52.978668,6377500,0
21/7/2023,53.380001,53.400002,53.169998,53.18,52.978668,3563900,0
24/7/2023,53.32,53.5,53.240002,53.41,53.207798,3454000,1
25/7/2023,53.360001,53.709999,53.360001,53.560001,53.357231,2708400,1
26/7/2023,53.43,53.73,53.32,53.549999,53.347267,3918400,0
27/7/2023,53.970001,54.02,53.099998,53.220001,53.018517,2848400,0
28/7/2023,53.619999,53.830002,53.509998,53.73,53.526585,2598200,1
31/7/2023,53.790001,53.869999,53.630001,53.810001,53.606285,3035900,1
1/8/2023,53.66,53.759998,53.560001,53.689999,53.486736,2567300,0
2/8/2023,53.310001,53.32,52.84,52.950001,52.749538,3621600,0
3/8/2023,52.68,53.009998,52.599998,52.759998,52.560257,2917600,0
4/8/2023,52.990002,53.259998,52.470001,52.549999,52.351051,4541100,0
7/8/2023,52.75,53.02,52.68,53.009998,52.809311,2906800,1
8/8/2023,52.68,52.82,52.369999,52.779999,52.580181,2467400,0
9/8/2023,52.799999,52.810001,52.330002,52.419998,52.221542,3015500,0
10/8/2023,52.709999,53.110001,52.290001,52.419998,52.221542,4014800,0
11/8/2023,52.189999,52.529999,52.139999,52.380001,52.181698,2875100,0
14/8/2023,52.299999,52.709999,52.259998,52.709999,52.510448,2643400,1
15/8/2023,52.470001,52.509998,52.009998,52.099998,51.902756,4282800,0
16/8/2023,52.009998,52.23,51.68,51.68,51.484348,3990300,0
17/8/2023,51.860001,51.900002,51.240002,51.310001,51.115749,4770900,0
18/8/2023,50.950001,51.450001,50.919998,51.34,51.145634,3585000,1
21/8/2023,51.439999,51.75,51.189999,51.68,51.484348,2999200,1
22/8/2023,51.860001,51.869999,51.459999,51.529999,51.334915,3185300,0
23/8/2023,51.650002,52.169998,51.639999,52.110001,51.91272,3488800,1
24/8/2023,52.279999,52.349998,51.369999,51.389999,51.195446,4788800,0
25/8/2023,51.580002,51.900002,51.16,51.75,51.554081,3987200,1
28/8/2023,52,52.139999,51.849998,52.080002,51.882835,3237800,1
29/8/2023,52.07,52.849998,52.040001,52.84,52.639957,3287300,1
30/8/2023,52.869999,53.119999,52.779999,53.060001,52.859123,2743700,1
31/8/2023,53.110001,53.25,52.950001,52.970001,52.769466,2139800,0
1/9/2023,53.299999,53.349998,52.889999,53.080002,52.879047,2235000,1
5/9/2023,53,53.049999,52.830002,52.849998,52.649918,2224800,0
6/9/2023,52.73,52.75,52.200001,52.490002,52.291283,2861500,0
7/9/2023,52.099998,52.400002,52.07,52.32,52.121925,2109800,0
8/9/2023,52.330002,52.580002,52.27,52.400002,52.201622,2110700,1
11/9/2023,52.709999,52.77,52.509998,52.759998,52.560257,2770300,1
12/9/2023,52.57,52.740002,52.380001,52.439999,52.24147,2546500,0
13/9/2023,52.48,52.639999,52.34,52.52,52.321167,2076100,1
14/9/2023,52.799999,53.049999,52.650002,52.98,52.779427,2591200,1
15/9/2023,52.779999,52.810001,52.279999,52.299999,52.102001,3245500,0
18/9/2023,52.080002,52.310001,52.040001,52.16,52.16,2211100,1
19/9/2023,52.060001,52.119999,51.73,52.060001,52.060001,2360600,0
20/9/2023,52.209999,52.25,51.549999,51.580002,51.580002,4087200,0
21/9/2023,51.240002,51.27,50.709999,50.740002,50.740002,3473900,0
22/9/2023,50.860001,51.040001,50.560001,50.599998,50.599998,3767300,0
25/9/2023,50.459999,50.82,50.41,50.82,50.82,3867200,1
26/9/2023,50.470001,50.540001,49.98,50.09,50.09,4398800,0
27/9/2023,50.220001,50.290001,49.650002,50.099998,50.099998,4515600,1
28/9/2023,50.02,50.580002,49.959999,50.400002,50.400002,3973800,1
29/9/2023,50.77,50.77,50.09,50.259998,50.259998,5607000,0
2/10/2023,50.169998,50.400002,49.91,50.240002,50.240002,6314000,0
3/10/2023,49.990002,50.16,49.41,49.57,49.57,5737100,0
4/10/2023,49.619999,50.009998,49.459999,49.950001,49.950001,14001000,1
5/10/2023,49.900002,50.02,49.529999,49.919998,49.919998,6258600,0
6/10/2023,49.619999,50.689999,49.459999,50.490002,50.490002,5760700,1
9/10/2023,50.290001,50.900002,50.209999,50.82,50.82,3493100,1
10/10/2023,50.91,51.41,50.860001,51.099998,51.099998,5461700,1
11/10/2023,51.209999,51.34,50.93,51.299999,51.299999,3416000,1
12/10/2023,51.400002,51.43,50.709999,51.009998,51.009998,3304200,0
13/10/2023,51.169998,51.32,50.549999,50.73,50.73,5738600,0
16/10/2023,51.009998,51.400002,50.990002,51.259998,51.259998,3386900,1
17/10/2023,50.880001,51.52,50.860001,51.279999,51.279999,5173000,1
18/10/2023,51.040001,51.169998,50.459999,50.580002,50.580002,4206100,0
19/10/2023,50.66,50.889999,50.060001,50.16,50.16,8260400,0
20/10/2023,50.080002,50.150002,49.52,49.540001,49.540001,6762700,0
23/10/2023,49.34,49.900002,49.130001,49.459999,49.459999,5767300,0
24/10/2023,49.689999,49.950001,49.470001,49.830002,49.830002,5197300,1
25/10/2023,49.59,49.610001,49.040001,49.099998,49.099998,9269700,0
26/10/2023,48.970001,49.07,48.400002,48.509998,48.509998,9993700,0
27/10/2023,48.720001,48.75,48.130001,48.290001,48.290001,7374800,0
30/10/2023,48.619999,49,48.470001,48.860001,48.860001,5981800,1
31/10/2023,48.939999,49.209999,48.720001,49.189999,49.189999,5101700,1
1/11/2023,49.279999,49.799999,49.23,49.720001,49.720001,6312200,1
